集數,影片ID,上架日,標題,主持人,主持人單位,來賓,來賓單位,備註
1,bNA7ub_HIRk,20260602,南方科技城-破解餐桌上的海洋科學：揭開南臺灣高效養殖的秘密武器,潘俊仁,國立高雄科技大學教務處副教務長兼教學發展中心主任,林子詠,國立高雄科技大學水產養殖系副教授兼副教務長,
2,DOcT_iWBPe8,20260527,南方科技城-南方養殖新革命：AI讓養魚更簡單,李憶甄,國立高雄科技大學水產食品科學系教授兼主任秘書,洪明昌,國立高雄科技大學水產養殖系副教授,
3,563NBscwscg,20260428,南方科技城-電量焦慮有解嗎？直擊新能源車的創新應用與未來革命！,蔡孟修,國立高雄科技大學模具工程系教授兼副產學長,陳泰昌,金屬工業研究發展中心副組長,
4,5iIpfK3ePCI,20260422,南方科技城-看不見的關鍵實力：材料科技如何撐起AI與半導體世界,蔡孟修,國立高雄科技大學模具工程系教授兼副產學長,陳冠維,態金材料科技股份公司董事長,
5,HRWcQ6Dxnto,20260414,南方科技城-三化浪潮下的健康革命：生技產業如何改變我們的健康生活？,李憶甄,國立高雄科技大學 水產食品科學系教授兼主任秘書,林漢祥,精華生醫股份有限公司總廠長,
6,YKpWiCHY8nM,20260408,南方科技城-魚塭變基地：智慧科技開啟青年漁業新未來,李憶甄,國立高雄科技大學水產食品科學系教授兼主任秘書,張博仁,漁創客青創基地負責人,
7,HZSdDvEOMrY,20260401,南方科技城-科技有溫度：守護大海與毛孩的跨界行動！,李憶甄,國立高雄科技大學水產食品科學系教授兼主任秘書,李育儒,大仁科技大學寵物照護暨美容系系主任兼研發長,
8,3MLXqpup3hg,20260325,南方科技城-AI 守護力：化冰冷數據為溫暖健康，全家大腦健康的守護者！,魏裕珍,國立高雄科技大學金融系副教授,歐陽振森,國立高雄科技大學資訊管理系教授,
9,mp8TpsxJnt4,20260318,南方科技城-2026南方產業大勢：從城市轉型，看見高雄未來競爭力！,魏裕珍,國立高雄科技大學 金融系副教授,林根煌,國立中山大學南區促進產業發展研究中心主任,
10,TfUzSCmPhQc,20260311,南方科技城-當烏魚旗遇上黑科技：高雄漁港的「數位大翻身」！,侯清賢,國立高雄科技大學漁業科技與管理系副教授兼永續漁業發展研究中心主任,邱萬敦,國立高雄科技大學漁業科技與管理系教授,
11,Ll9gqWvwyoA,"20260304\t南方科技城-用科技升級漁業，讓台灣水產走向世界
20260304",南方科技城-用科技升級漁業，讓台灣水產走向世界,侯清賢,國立高雄科技大學漁業科技與管理系副教授兼永續漁業發展研究中心主任,黃志雄,國立高雄科技大學漁業科技與管理系助理教授,
12,I4zns0QQe-k,20260225,南方科技城-醬油不只來自黃豆：來自海洋的植物性蛋白,邱國勛,國立高雄科技大學水產養殖系教授,簡志斌,皇珵醬油有限公司負責人,
13,SDREkXW6ncM,20260211,南方科技城-從減塑到能源－循環經濟如何變成下一個產業引擎,邱國勛,國立高雄科技大學水產養殖系教授,郭俊德,奧斯華德色技有限公司總經理,
14,ggWR1piFJDo,20260204,南方科技城-台灣水岸新經濟,邱國勛,國立高雄科技大學水產養殖系教授,潘泰安,高雄市遊艇服務商業同業公會理事長,
15,2aj_nZLNr00,20260128,南方科技城-3D列印×循環材料,蔡孟修,國立高雄科技大學副產學長,郭信宏,財團法人金屬工業研究發展中心金屬製程研發處副處長,
16,o9Yv-pg7fqc,20260121,南方科技城-珠擊的創新應用,蔡孟修,國立高雄科技大學副產學長,陳柏登,大鎪科技股份有限公司特助,
17,KzwOPVM4Yu8,20260114,南方科技城-塑膠循環未來：材料新革命,潘俊仁,國立高雄科技大學副研發長,來俊吉,喬福材料科技股份有限公司總經理,
18,xY5gD4KrTFs,20260107,南方科技城-從技術到產業解決方案：大學攜手產業打造升級研發平台,魏裕珍,國立高雄科技大學副教授兼主任秘書,楊慶煜,國立高雄科技大學校長,
19,2zCOA2hcUuI,20251231,南方科技城-2025回顧與2026啟程,魏裕珍,國立高雄科技大學副教授兼主任秘書,羅光閔,國立高雄科技大學教授兼副學務長,
20,9QAPokyj8Sk,20251224,南方科技城-AI應用與工業設計的未來,魏裕珍,國立高雄科技大學副教授兼主任秘書,林龍吟,國立高雄科技大學工業設計系系主任,
21,38cErgM-sk4,20251217,南方科技城-風電職涯的訓練起點,羅光閔,國立高雄科技大學教授兼副學務長,王振昌,金屬中心海洋職能科技發展組副組長,
22,hChvpy8mTqM,20251216,南方科技城-建築效能與綠色未來,廖婉茹,國立高雄科技大學營建工程系副教授兼系主任,柯文立經理,大立淨零建築有限公司,
23,rT3sk2NNpQo,20251205,南方科技城-寵物與宗教的文創科技運用,林皇耀,國立高雄科技大學副教授兼文化創意產業系系主任,張饌鰆,財團法人高雄市覆鼎金保安宮副總幹事兼文教主任,
24,dDExStDjfBo,20251126,南方科技城-建築數位孿生新視角,廖婉茹,國立高雄科技大學營建工程系副教授兼系主任,紀昊昀,中國科技大學建築系助理教授,
25,BVIdKyQkIfk,20251124,南方科技城-構築‧共感的建築課,廖婉茹,國立高雄科技大學營建工程系副教授兼系主任,陳宣誠,中原大學建築系教授,
26,jKQKwJIulOE,20251114,南方科技城-永續轉型中的港口城市：港埠發展可提供的助力與應用,羅光閔,國立高雄科技大學教授兼副學務長,戴輝煌,國立高雄科技大學海商學院院長,
27,5X_N0TLXw08,20251105,南方科技城-科學儀器的回顧與展望,羅光閔,國立高雄科技大學教授兼副學務長,羅文正,中華民國儀器商業同業公會全國聯合會榮譽理事長,
28,5FTuYEtqojo,20251030,南方科技城-傳統信仰文化的科技化傳承,林皇耀,國立高雄科技大學文化創意產業系系主任,張饌鰆,財團法人高雄市覆鼎金保安宮副總幹事兼文教主任,
29,DeLTHtfReqc,20251023,南方科技城-科技遇上海鮮-感恩讚嘆Seafood,潘俊仁,國立高雄科技大學副研發長,李憶甄,國立高雄科技大學水產食品科學系副教授,
30,bjKns7eaUcU,20251015,南方科技城-從淺野到新灣-高雄產業的過去與未來,潘俊仁,國立高雄科技大學副研發長,王御風,國立高雄科技大學博雅教育中心副教授,
31,TZegHZLb4Lg,20251009,南方科技城-拆解便利生活的隱形藍圖—「供應鏈」,林皇耀,國立高雄科技大學副教授兼文化創意產業系系主任,潘郁仁,國立高雄科技大學供應鏈管理系教授兼系主任,
32,k_y2sadI7aQ,20251001,南方科技城-藻類生技新藍海,魏裕珍,國立高雄科技大學副教授兼主任秘書,邱國勛,國立高雄科技大學水產養殖系教授,
33,tRpZT8Fqn4E,20250925,南方科技城-海洋氣象變遷與漁場未來,魏裕珍,國立高雄科技大學副教授兼主任秘書,侯清賢,國立高雄科技大學副教授兼永續漁業發展研究中心主任,
34,GSrnyXMFGN0,"20250917\t南方科技城-智慧觀光新體驗
20250917",南方科技城-智慧觀光新體驗,林皇耀,國立高雄科技大學副教授兼文化創意產業系系主任,何秉燦,國立高雄科技大學觀光管理系副教授兼系主任,
35,K_WBTWvPNXc,20250912,南方科技城-AI科技與性別的未來對話,林皇耀,國立高雄科技大學副教授兼文化創意產業系系主任,張瑛姿,國立高雄科技大學博雅教育中心助理教授,
36,84bWMEtvBPk,20250903,南方科技城-數位典藏臺灣產業文化資產,潘俊仁,國立高雄科技大學副研發長,黃俊夫,國立科學工藝博物館蒐藏研究組副研究員,
37,VM6omJ55vXQ,20250827,南方科技城-綠色塑膠未來式,羅光閔,國立高雄科技大學教授兼副學務長,許德賢,高科大海洋生物技術系教授,
38,rCe2kB9YckI,20250820,南方科技城-您想的保險跟保險公司的有一樣嗎？,魏裕珍,國立高雄科技大學副教授兼主任秘書,曾文瑞,中華民國保險經營學會副理事長,
39,mxD-xaiaClE,20250814,南方科技城-從實驗室到餐桌：食品添加劑的科學與應用,潘俊仁,國立高雄科技大學副研發長,林家民,高科大水產食品科學系教授,
40,r7UdBWM5LSU,20250806,南方科技城-聽吉他在唱歌,羅光閔,國立高雄科技大學教授兼副學務長,蔡世鴻,古典吉他演奏家,
41,_QenSgf7ARw,20250723,南方科技城-住宅設計與城市未來,廖婉茹,國立高雄科技大學營建工程系副教授兼副教務長,鄭人豪,文化大學建築及都市設計學系助理教授,
42,NbQTUfEU8yU,20250716,南方科技城-文化展會與空間,廖婉茹,國立高雄科技大學營建工程系副教授兼副教務長,劉家豪,萬有為建築師事務所規劃設計師,
43,7cFY0K9FdEU,20250710,南方科技城-水域安全-安全從事水上活動,丁國桓,國立高雄科技大學漁管系/海洋事務與產業管理研究所副教授,曾應鉅,中華民國水中運動協會榮譽理事長,
44,j35Qeq0fmb0,20250702,南方科技城-海洋與科技的奇遇-鯊魚知多少？,丁國桓,國立高雄科技大學漁管系/海洋事務與產業管理研究所副教授,蔡文沛,國立高雄科技大學漁業科技與管理系教授,
45,OCj6X3aOjlg,20250625,南方科技城-動畫教育：台灣的發展與挑戰,林皇耀,國立高雄科技大學副教授兼文化創意產業系系主任,劉琬琳,景安設計有限公司導演,
46,c_TqRFBKGno,20250619,南方科技城-影像科技：未來的無限可能,林皇耀,國立高雄科技大學副教授兼文化創意產業系系主任,黃耀霆 導演,,
47,jXCqiO-l10A,20250611,南方科技城-能源轉型革新：再生能源與儲能,潘俊仁,國立高雄科技大學副研發長,黃炳照,國家講座兼臺科大SEED中心主任,
48,QADpkIs7-BE,20250605,南方科技城-智慧醫療：巴金森氏症新希望,潘俊仁,國立高雄科技大學副研發長,簡崇曜醫師,成大醫院神經科部主治醫師,
49,qQ9l-Qy0tAY,20250528,南方科技城-春天藝術節的產業連結,羅光閔,國立高雄科技大學教授兼副學務長,朱宏昌,財團法人高雄市愛樂文化藝術基金會執行長,
50,yt4ZqGeQBKI,20250522,南方科技城-建築設計：突破與未來趨勢,廖婉茹,國立高雄科技大學營建工程系副教授兼副教務長,林彥穎,十彥建築事務所建築師,
51,oN6yRQY7KfY,20250514,南方科技城-創新保值：專利申請與策略,潘俊仁,國立高雄科技大學副研發長,高崇瑋,聖島國際專利商標聯合事務所專利師,
52,DW-5nBWnEF8,20250508,南方科技城-探索銲接技術的革新之路,潘俊仁,國立高雄科技大學副研發長,林典永,金屬工業研究中心銲接組副組長,
53,lPeV0CATXD8,20250430,南方科技城-AI教育（下）：產業浪潮與商機,郭俊賢,國立高雄科技大學副校長,王蔓甄,台灣微軟公共業務事務群教育業務經理,
54,Gngqo2bBy4Q,20250423,南方科技城-AI教育（上）：學研新視野,郭俊賢,國立高雄科技大學副校長,歐士輔,國立高雄科技大學教務長,
55,aqKogu5QjVU,20250409,南方科技城-海事人才：創新技術加持,羅光閔,國立高雄科技大學教授兼副學務長,楊春陵,國立高雄科技大學輪機工程系系主任,
56,MBpIdWvZvkA,20250402,南方科技城-智慧船舶：航向未來的科技,羅光閔,國立高雄科技大學教授兼副學務長,羅文言,船舶中心海洋產業處副處長,
57,Ml1K1yjHgNY,20250326,南方科技城-校園科技：應對產業挑戰,林皇耀,國立高雄科技大學副教授兼文化創意產業系系主任,林百鴻,高雄市立左營高級中學校長,
58,sVAn3e0On9Y,20250320,南方科技城-革新醫療與環境監測的技術,潘俊仁,國立高雄科技大學副研發長,李孟娟,國立高雄科技大學化材系副教授,
59,YCJ3O01gQ_k,20250312,南方科技城-微藻碳捕捉：未來的碳減排技術,潘俊仁,國立高雄科技大學副研發長,張嘉修,東海大學化工與材料工程系講座教授兼副校長,
60,GZUs4ETFx48,20250305,南方科技城-影像直播：媒體新趨勢,林皇耀,國立高雄科技大學副教授兼文化創意產業系系主任,龍裕鴻,藝本事有限公司總監,
61,e9GNEZF0U38,20250227,南方科技城-健康建築與永續未來,廖婉茹,國立高雄科技大學營建工程系副教授兼副教務長,林柏帆,超然永續設計顧問有限公司執行長,
62,5vo_mA0pkMI,20250219,南方科技城-設計的力量：文化與產業共生,廖婉茹,國立高雄科技大學營建工程系副教授兼副教務長,謝仲凱,拾五設計 Atelier Boter創辦人,
63,WQK1eLNF0Os,20250212,南方科技城-珊瑚漁業與保育,丁國桓,國立高雄科技大學漁管系/海洋事務與產業管理研究所副教授,鄭有容,國立高雄科技大學漁業科技與管理系系主任,
64,zp3fAxggZ6E,20250205,南方科技城-科技守護水域安全：從GoOcean到AI智慧海灘,丁國桓,國立高雄科技大學漁管系/海洋事務與產業管理研究所副教授,賴堅戊,國家海洋研究院 GoOcean 小組研究員,
65,89wbMo58qpY,20250122,南方科技城-消防防災：打造無憂新年,羅光閔,高雄科技大學教授兼副學務長,蔡匡忠,國立高雄科技大學副校長,
66,B1Om4pl58dY,"20250116\t南方科技城-學術與產業的建設之道
20250116",南方科技城-學術與產業的建設之道,羅光閔,國立高雄科技大學教授兼副學務長,廖婉茹,國立高雄科技大學營建工程系副教授兼副教務長,
67,G70C0RAAlnw,20250108,南方科技城-2025創新產業新趨,羅光閔,國立高雄科技大學教授兼副學務長,薛博文,高科大機電工程系副教授兼創新創業發展處處長,
68,rMfQlMFWElw,20250102,南方科技城-2024南方科技城年度回顧,魏裕珍,國立高雄科技大學主任秘書,郭俊賢,國立高雄科技大學副校長,
69,F5WAyd27_po,20241225,南方科技城-洋流發電：自主海洋再生能源,羅光閔,高雄科技大學教授兼副學務長,郭振華,臺灣大學工程科學及海洋工程學系教授,
70,PS0o9H3OFgw,20241219,南方科技城-淺談廢棄太陽能光電板之回收,潘俊仁,國立高雄科技大學副研發長,傅耀賢,國立臺南大學特聘教授兼環境與生態學院院長,
71,pNLwH8NKHsQ,20241213,南方科技城-食物模型：科技與文化,林皇耀,國立高雄科技大學副教授兼文化創意產業系系主任,郭志忠,臺灣卡固高食品模型有限公司創始人,
72,Puwy40Irrgg,20241204,南方科技城-翱翔科技：空拍機的未來,林皇耀,國立高雄科技大學副教授兼文化創意產業系系主任,張勃鈞,淞鉞國際有限公司總經理,
73,Wp5M3h8rqYE,20241127,南方科技城-文化創新．科技實境,郭俊賢,國立高雄科技大學教授兼副校長,黃勤芳,獨立製作人及創作者,
74,_FFoVf6Fvjk,20241119,南方科技城-海洋永續．水食新未來,郭俊賢,國立高雄科技大學教授兼副校長,蔡美玲,高科大海洋科技發展處處長,
75,4EhBDHi8xhk,20241112,南方科技城-智航科技．安全傳輸,羅光閔,高雄科技大學教授兼副學務長,陳聖文,摯陞數位科技執行長,
76,yDPpX1_XBbo,20241106,南方科技城-海上通訊：科技連結藍色國土,羅光閔,高雄科技大學教授兼副學務長,楊文榮,國家海洋研究院助理研究員,
77,xBuliTcqqas,20241030,南方科技城-台灣的神燈：同步輻射光源,潘俊仁,國立高雄科技大學副研發長,魏德新,國家同步輻射研究中心副主任,
78,k2Ang9Jvgd8,20241029,2024.10.29【南方科技城】主題：台灣的神燈：同步輻射光源,潘俊仁,國立高雄科技大學副研發長,魏德新,國家同步輻射研究中心副主任,
79,cJjJo_3UfuM,20241025,南方科技城-電池回收技術的現況與前景,潘俊仁,國立高雄科技大學副研發長,張家欽,國立臺南大學綠能系特聘教授,
80,-aqMvrHeRk0,20241022,2024.10.22【南方科技城】主題：電池回收技術的現況與前景,潘俊仁,國立高雄科技大學副研發長,張家欽,國立臺南大學綠能系特聘教授,
81,ELKQaNIUIEQ,20241018,南方科技城-電池科技的演進與未來挑戰,潘俊仁,國立高雄科技大學副研發長,黃炳照,國家講座兼臺科大SEED中心主任,
82,qoeFLk6JpjU,20241015,2024.10.15【南方科技城】主題：電池科技的演進與未來挑戰,潘俊仁,國立高雄科技大學副研發長,黃炳照,國家講座兼臺科大SEED中心主任,
83,pcwEdMa9fsw,20241009,南方科技城-AIGC：教育創新新紀元,林皇耀,國立高雄科技大學副教授兼文化創意產業系系主任,林育靚,高科大創新設計學院副教授,
84,R59gD_f0nEM,20241008,2024.10.8【南方科技城】主題：AIGC：教育創新新紀元,林皇耀,國立高雄科技大學副教授兼文化創意產業系系主任,林育靚,高科大創新設計學院副教授,
85,y126BQinqx8,20240926,南方科技城-從建築到舞台的科技之旅,郭俊賢,國立高雄科技大學教授兼副校長,林孝鍇,衛武營節目部專員,
86,51qRaYpnbUA,20240924,2024.9.24【南方科技城】：從建築到舞台的科技之旅,郭俊賢,國立高雄科技大學教授兼副校長,林孝鍇,衛武營節目部專員,
87,LsZfqdtGG2M,20240911,南方科技城-建築新標竿-趨勢與未來（下）,魏裕珍,國立高雄科技大學主任秘書,蔡紹豪,高雄市建築經營協會副理事長,
88,lBXpoSQkiTQ,20240910,2024.9.10【南方科技城】主題：建築新標竿-趨勢與未來（下）,魏裕珍,國立高雄科技大學主任秘書,蔡紹豪,高雄市建築經營協會副理事長,
89,5j0f_DYPh-c,20240904,南方科技城-建築新標竿-趨勢與未來（上）,魏裕珍,國立高雄科技大學主任秘書,黃健瑋,台灣智慧建築協會副理事長,
90,tV8g-FeZi98,20240903,2024.9.3【南方科技城】主題：建築新標竿-趨勢與未來（上）,魏裕珍,國立高雄科技大學主任秘書,黃健瑋,台灣智慧建築協會副理事長,
91,SCIrlnnze3I,20240828,南方科技城-地方創生的實踐與挑戰（下）,魏裕珍,國立高雄科技大學主任秘書,丁國桓,高科大海洋事務與產業管理所副教授,
92,rilm3zucSwI,20240827,2024.8.27【南方科技城】主題：地方創生的實踐與挑戰（下）,魏裕珍,國立高雄科技大學主任秘書,丁國桓,高科大海管碩士班副教授,
93,-a3GywKW96U,20240821,南方科技城-地方創生的實踐與挑戰（上）,潘俊仁,國立高雄科技大學副研發長,林清和,輔英科大環境與生命學院院長,
94,hJk2lDuBBjc,20240820,2024.8.20【南方科技城】主題：地方創生的實踐與挑戰（上）,潘俊仁,國立高雄科技大學副研發長,林清和,輔英科大環境與生命學院院長,
95,tdiGqgv66Z0,20240814,南方科技城-燃料電池與氫能動力的未來,潘俊仁,國立高雄科技大學副研發長,蔡麗端,工研院材化所綠能材料組組長,
96,fgBt4C73f5I,20240813,2024.8.13【南方科技城】主題：燃料電池與氫能動力的未來,潘俊仁,國立高雄科技大學副研發長,蔡麗端,工研院材化所綠能材料組組長,
97,cCfx6DnTxGU,20240807,南方科技城-電動載具創新與市場前景,潘俊仁,國立高雄科技大學副研發長,王建甯,溜馬科技有限公司總經理,
98,t1rOT-cwMH8,"20240731\t南方科技城-AI創新：未來的創業之路
20240731",南方科技城-AI創新：未來的創業之路,羅光閔,高雄科技大學教授兼副學務長,黃振聰,中山大學財務管理系教授,
99,X1xnhODKvhI,20240729,南方科技城-AI樂齡：全球長照新解法,羅光閔,高雄科技大學教授兼副學務長,陳裕元,智齡科技多田事業處總經理,
100,u6BC721Z5ys,20240718,南方科技城-未來醫療輔助的AI革命,羅光閔,高雄科技大學教授兼副學務長,陳彥銘,高雄科技大學資訊管理系教授,
101,x7m3ia2F24A,20240710,南方科技城-電競在運科與樂齡學習運用,林皇耀,國立高雄科技大學副教授兼文化創意產業系系主任,蔣天華,樹德科大電競娛樂系副主任,
102,2r64HXj5n_Y,20240619,南方科技城-科技城市騎行-探索與分享,郭俊賢,國立高雄科技大學教授兼副校長,朱英彰,嶺客運動工作室創辦人,
103,-DOOlMC7SnE,20240618,2024.6.18【南方科技城】主題：科技城市騎行-探索與分享,郭俊賢,國立高雄科技大學教授兼副校長,朱英彰,嶺客運動工作室創辦人,
104,B3x0vyIwvTM,20240612,南方科技城-田野智慧的未來與趨勢,潘俊仁,國立高雄科技大學副研發長,柯文清,臺灣農機電動化產策聯盟秘書長,
105,amPlsj1B6Wo,20240611,2024.6.11【南方科技城】主題：田野智慧的未來與趨勢,潘俊仁,國立高雄科技大學副研發長,柯文清,臺灣農機電動化產策聯盟秘書長,
106,6Akf8RajVBk,20240607,南方科技城-空氣品質改善的困境與挑戰,潘俊仁,國立高雄科技大學副研發長,林清和,輔英科大環境與生命學院院長,
107,oODYQsoAOyE,20240604,2024.6.4【南方科技城】主題：空氣品質改善的困境與挑戰,潘俊仁,國立高雄科技大學副研發長,林清和,輔英科大環境與生命學院院長,
108,YrRlEQH5ACA,20240529,南方科技城-藝術科技與創意的交融舞台,林皇耀,高科大副教授兼文創系系主任,黃雅玲,高科大教授兼擴散耦策展人,
109,rlwlBAaTQF8,20240522,南方科技城-化工產業的轉型新浪潮,羅光閔,國立高雄科技大學教授兼副學務長,何宗漢,高科大化材系教授,
110,iYMNPyw4L4Y,20240515,南方科技城-多媒體產業的未來與挑戰,林皇耀,國立高雄科技大學副教授,吳淑靖,臺灣產學策進會副執行長,
111,qEyoJkrOAyo,20240508,南方科技城-再生能源儲存與碘廢液氫能轉換,潘俊仁,國立高雄科技大學副研發長,黃炳照,國家講座兼臺科大SEED中心主任,
112,QLWogv1XaLY,20240501,南方科技城-2024產業人才趨勢-數位金融,魏裕珍,國立高雄科技大學副教授兼主任秘書,姚木川,AI金融科技協會理事長,
113,-eoR-YWoQP8,20240424,南方科技城-2024產業人才趨勢-永續減碳,羅光閔,國立高雄科技大學教授兼副學務長,陳峙霖,成創永續股份有限公司總經理,
114,p1Lw3vC7Hfk,20240417,南方科技城-2024產業人才趨勢-人因工程,魏裕珍,國立高雄科技大學副教授兼主任秘書,蘇國瑋,中華民國人因工程學會理事長,
115,DNlqtbrRD64,20240410,南方科技城-2024產業人才趨勢-心理諮商,羅光閔,國立高雄科技大學教授兼副學務長,卓紋君,國立高雄師範大學諮商心理與復健諮商研究所教授兼所長,
116,CMpkQ7cOick,20240403,南方科技城-2024產業人才趨勢-AI大數據,羅光閔,國立高雄科技大學教授兼副學務長,徐偉智,社團法人台灣數位經濟發展學會理事長,
117,tvgWO0ayZw4,20240327,南方科技城-碳議題與產業永續,郭俊賢,國立高雄科技大學教授兼副校長,黃世宏,高雄市政府環保局副局長,
118,tkIDnOdmBgI,20240320,南方科技城-世界永續發展趨勢,郭俊賢,國立高雄科技大學教授兼副校長,陳建中,輔英科技大學環境工程與科學系暨碩士班教授,
119,2378cILYU7o,20240313,南方科技城-電池科技技術前世與今生（下）,潘俊仁,國立高雄科技大學助理教授兼副研發長,葉旻鑫,國立臺灣科技大學化學工程系副教授,
120,n0O330I8E1g,20240306,南方科技城-電池科技技術前世與今生（上）,潘俊仁,國立高雄科技大學助理教授兼副研發長,王致傑,國立中山大學材料與光電科學學系副教授,
121,vBSzwN-z3Bo,20240229,南方科技城-電競的全球趨勢與台灣未來策略,林皇耀,國立高雄科技大學副教授兼文化創意產業系系主任,蘇中和教授,樹德科技大學副校長,
122,DcH96vMD6tQ,20240221,南方科技城-電競產業的科普與現況解析,林皇耀,國立高雄科技大學副教授兼文化創意產業系系主任,殷聖楷,正修科技大學數位多媒體設計系副教授兼系主任,
123,cBtPpESm_RA,20240207,南方科技城-汽車產業的科技革命與挑戰,羅光閔,國立高雄科技大學教授兼副學務長,龐大成,國立高雄科技大學教授兼車輛工程系系主任,
124,TcdNnfqL_4k,20240131,南方科技城-模具產業的未來趨勢與科技融合,羅光閔,國立高雄科技大學教授,林崇田,財團法人金屬工業研究發展中心精微成形研發處處長,
125,m8TDfWweNQ0,20240127,南方科技城-潮流中的船舶與風電,羅光閔,國立高雄科技大學教授,周顯光,財團法人船舶暨海洋產業研發中心執行長,
126,2I2hL-A8loQ,20240127,南方科技城-轉型與創新的新維度,魏裕珍,國立高雄科技大學副教授兼主任秘書,張鴻斌,財團法人中衛發展中心南區服務處處長,
127,nfVj_d3w5S0,20240127,南方科技城-產業供應鏈結構變化及因應,魏裕珍,國立高雄科技大學副教授兼主任秘書,蔡坤穆,國立高雄科技大學運籌管理系教授,
128,XiBhh8EN8pk,20240127,南方科技城-大學引領產業革新與人才培育,魏裕珍,國立高雄科技大學副教授兼主任秘書,楊慶煜,國立高雄科技大學校長,
129,riQfyJctA7Y,20240127,南方科技城-2023年產業回顧-邁向永續,郭俊賢,國立高雄科技大學教授兼副校長,魏裕珍,高科大金融系副教授兼主任秘書,
130,FTHudusC8-k,20240127,南方科技城-如果我是一隻輕艇,羅光閔,國立高雄科技大學教授,尤若弘,高科大海洋休閒管理系教授兼系主任,
131,MbGQDfslJtk,20240127,南方科技城-反轉人生樂活輪轉,郭俊賢,國立高雄科技大學教授兼副校長,趙健樺,高雄市自行車文化協會理事長,
132,8Ovp9zSTjZQ,20240127,南方科技城-健康管理快樂老趣,郭俊賢,國立高雄科技大學教授兼副校長,劉怡辛高雄市港都社區大學老師,,
133,r3wxDYUmGKU,20240127,南方科技城-產業轉型的契機與挑戰,羅光閔,國立高雄科技大學教授,許瀠心,優旭資通有限公司產業輔導顧問,
134,T8Gk6U2dGsQ,20240127,南方科技城-從傳統光學到未來光學,羅光閔,國立高雄科技大學教授,程子桓,立創光電股份有限公司總經理,
135,k38x9c7sVxQ,20240127,南方科技城-前瞻超穎光學what & why,羅光閔,國立高雄科技大學教授,許維綸博士Meta-Rosetta前瞻超穎光學研發團隊負責人,,
136,cer2AhqzlVY,20240127,南方科技城-光學產業的科技前沿,羅光閔,國立高雄科技大學教授,王智明,國立中央大學光電科學與工程學系教授,
137,rkRA3I5LKrw,20240127,南方科技城-物流運輸的智慧革命,魏裕珍,國立高雄科技大學教授兼主任秘書,陳永賢,中華民國物流協會推薦資深顧問,
138,jxKDJ8saK1c,20240127,南方科技城-高雄海緣：科技映照的文化航跡,羅光閔,國立高雄科技大學教授,劉文宏,高科大海洋事務研究中心主任,
139,LF-al5u373Q,20240127,南方科技城-高雄海緣：科技教育的日新月異,魏裕珍,國立高雄科技大學教授兼主任秘書,俞克維,國立高雄科技大學特聘教授兼副校長,
140,MjVrOafpe5g,20240127,南方科技城-海上運輸的過去與未來,魏裕珍,國立高雄科技大學教授兼主任秘書,楊清喬,國立高雄科技大學航運管理系教授,
141,TXP5N0Hrq1k,20240127,南方科技城-走進策展產業大觀園,郭俊賢,國立高雄科技大學教授兼副校長,游明龍,游明龍設計有限公司藝術總監,
142,PmDGZNKtQCY,20240127,南方科技城-打造城市文創空間,羅光閔,國立高雄科技大學副教授,侯柏安,台灣吉而好股份有限公司營運長,
143,o1zUhR4PMYU,20240126,南方科技城-科學藝術的創新思維,羅光閔,國立高雄科技大學副教授,宋毅仁,國立高雄科技大學工業設計系系主任,
144,C-FQECU1iQU,20240127,南方科技城-城市文化的底蘊與新意,郭俊賢,國立高雄科技大學教授兼副校長,簡嘉論,高雄市文化局主任秘書,
145,Qi-Spiqs7Mo,20240127,南方科技城-科技餐飲-永續餐飲怎麼走？,魏裕珍,國立高雄科技大學副教授兼主任秘書,羅條原,思原生態農場負責人,
146,CBf5xoSIGXc,20240125,南方科技城-科技餐飲-洞悉新型態新商機,魏裕珍,國立高雄科技大學副教授兼主任秘書,邱宏祥,財團法人中國生產力中心協理,
147,X4KbXCHPkwg,,南方科技城-科技餐飲-數位行銷之關鍵影響,,,,,[NO_DESC]
148,G-62lyhZr1A,20240127,南方科技城-科技餐飲-設備產業轉型發展,羅光閔,國立高雄科技大學副教授,林沐德,神速科技股份有限公司總經理,
149,1UA9q0seHFw,20240126,南方科技城-科技餐飲-有機農場與智慧共生,羅光閔,國立高雄科技大學副教授,李法憲博士,法憲有機農場負責人,
150,2Jz3YgDBQkw,20240127,南方科技城-AI崛起時代-半導體產業應用,魏裕珍,國立高雄科技大學副教授兼主任秘書,周光春,科技園區電電公會理事長,
151,tegzogSkb20,20240127,南方科技城-AI崛起時代-科技產業革新,魏裕珍,國立高雄科技大學副教授兼主任秘書,黃祥麟,微光國際資訊執行長,
152,3qxZ71JclTk,20240127,南方科技城-AI崛起時代-產業的多重挑戰,魏裕珍,國立高雄科技大學副教授兼主任秘書,張耿榕,高雄市環境工程技師公會理事長,
153,1aXGC3zL-sY,20240127,南方科技城-AI崛起時代-港務管理與應用,魏裕珍,國立高雄科技大學副教授兼主任秘書,王錦榮,高雄港務分公司總經理,
154,MOVF2f2en-M,20240127,南方科技城-沒水怎麼辦？人體組成最多的元素,郭俊賢,國立高雄科技大學教授兼副校長,吳忠信,國立高雄科技大學化學工程與材料工程系教授兼副校長,
155,56W-VPLjnZE,20240127,南方科技城-高雄在地的永續作為,郭俊賢,國立高雄科技大學教授兼副校長,黃世宏,高雄市環保局副局長,
156,0EgImU_l8dk,20240127,南方科技城-食在行不行？環境與食品安全,郭俊賢,國立高雄科技大學教授兼副校長,殷豪,金利食安科技股份有限公司總經理,
157,3vagTT8fiog,20240127,南方科技城-什麼是ESG?永續與環保對我們的生活影響,郭俊賢,國立高雄科技大學教授兼副校長,王勁力,國立高雄科技大學管理學院副院長,
158,vHL9Bv5ya6Q,20240127,南方科技城-特別專題：智慧農業的創新多元應用,郭俊賢,國立高雄科技大學教授兼副校長,姜自壯,迪菲循飛航科技股份有限公司執行長,
159,OXI387O7Dbs,20240126,南方科技城-產業提升的新利器-數值模擬（下）,羅光閔,國立高雄科技大學副教授,蔡旭程,士盟科技股份有限公司協理,
160,AdH_89Wlv80,20240127,南方科技城-產業提升的新利器-數值模擬（上）,羅光閔,國立高雄科技大學副教授,林献棠,虎門科技股份有限公司中南部業務副總,
161,d3P75cHNKRg,20240126,南方科技城-輕航機產業發展之關鍵技術,羅光閔,國立高雄科技大學副教授,謝琦鈦,威翔航空科技股份有限公司副總經理,
162,HrRgbr_Lqhs,20240126,南方科技城-輕航機產業之發展現況,羅光閔,國立高雄科技大學副教授,張世承,玉山之翼股份有限公司董事長,
163,eJGwTivFLAw,20240126,南方科技城-科技世代下的表演藝術—地方創新表演藝術之路,魏裕珍,國立高雄科技大學副教授兼主任秘書,趙緯宥,喜劇開港創辦人,
164,oGphvjhedO8,20240126,南方科技城-科技世代下的表演藝術—傳統表演藝術的永續之路,魏裕珍,國立高雄科技大學副教授兼主任秘書,楊瑾雯,南部資深劇場導演/果陀劇場種籽學院講師,
165,t-od3jOA-XI,20240126,南方科技城-科技世代下的表演藝術—表演藝術產業的現在與未來,魏裕珍,國立高雄科技大學副教授兼主任秘書,簡文彬,衛武營國家藝術文化中心藝術總監,
166,qfo_lLppex0,20240126,南方科技城-氫能未來產業發展與創新應用趨勢,郭俊賢,國立高雄科技大學教授兼副校長,張文昇,工研院綠能所低碳與儲能技術組組長,
167,HHqzmaUTRdw,20240122,南方科技城-氫能車-不充電的電動車,郭俊賢,國立高雄科技大學教授兼副校長,林若蓁,台灣經濟研究院研究一所副所長/台灣氫能與燃料電池夥伴聯盟執行長,
168,X3Gg-k21drQ,20240125,南方科技城-當個「氫」生活的現代公民-打造氫能新經濟,郭俊賢,國立高雄科技大學教授兼副校長,周哲平,鐙鋒綠能科技股份有限公司創辦人兼副總經理,
169,wvcdsk9X3Es,20240126,南方科技城-水也能發電？淺談氫能的何去何從與安全性,郭俊賢,國立高雄科技大學教授兼副校長,郭振坤,中山大學機械與機電工程學系教授,
170,XBTTK8TZfCQ,20240126,南方科技城-2023創新能源產業趨勢：太陽能產業,羅光閔,國立高雄科技大學副教授,楊青晏,艾涅爾電力股份有限公司總經理,
171,fDjbHa2kFYw,20240125,南方科技城-2023創新能源產業趨勢：電力電網,羅光閔,國立高雄科技大學副教授,吳心恩,EnergyOMNI全・能源-期刊創辦人,
172,dsT9mz_-0Oc,20240126,南方科技城-2023創新能源產業趨勢：風電產業,羅光閔,國立高雄科技大學副教授,《EnergyOMNI全・能源》期刊創辦人吳心恩,,
173,Vdzz3fus3Xg,20240126,南方科技城-數位內容產業創新應用-遊戲產業應用,魏裕珍,國立高雄科技大學副教授,愛吠的狗娛樂公司執行長許冠文,,
174,-BNnJYzpsQ8,20240126,南方科技城-數位內容產業創新應用(二),羅光閔,國立高雄科技大學副教授,勝典科技資深經理林育駿,,
175,EMoBjOageXI,,南方科技城-數位內容產業創新應用,,,,,[NO_DESC]
176,NZe4_2n9ZCo,20240125,南方科技城-2023產業發展趨勢,魏裕珍,國立高雄科技大學副教授兼主任秘書,呂正華,數位發展部數位產業署署長,
177,wn2OC3cd0eY,20240125,南方科技城-2022 南方科技城產業回顧,魏裕珍,國立高雄科技大學副教授兼主任秘書,蔡匡忠,東方科技大學校長,
178,bH8vFPutLo4,20240126,南方科技城-ESG永續發展力：電動車X綠能永續,羅光閔,國立高雄科技大學副教授兼副產學長,魯臺營,德恩能源股份有限公司執行董事,
179,j54RReKd9io,20240126,南方科技城-ESG永續發展力：傳統產業智慧轉型,魏裕珍,國立高雄科技大學副教授兼主任秘書,甘浩成,鞍泰智造專案經理,
180,rfnrl74UI0g,20240126,南方科技城-ESG永續發展力：企業永續,羅光閔,國立高雄科技大學副教授兼副產學長,李虹萱,健群永續創新股份有限公司經理,
181,Y2zegTannOA,20240125,南方科技城-創新科技力：智慧農業的創新應用,羅光閔,國立高雄科技大學副教授兼副產學長,林靖祐,凌聚農業科技股份有限公司總經理,
182,xqoI38nYqNw,20240125,南方科技城-創新科技力：GIS技術的創新應用,羅光閔,國立高雄科技大學副教授兼副產學長,李錦昌,藏識科技有限公司副總經理,
183,DtKlaPAsGRg,20240125,南方科技城-創新科技力：資安技術的創新應用,羅光閔,國立高雄科技大學副教授兼副產學長,林仲宇,宇鼐科技股份有限公司總經理,
184,S11DGaU0aVQ,20240125,南方科技城-創新科技力-區塊鏈的創新應用,魏裕珍,國立高雄科技大學副教授兼主任秘書,胡耀傑,圖靈證書創辦人,
185,_ojf2GrYDrc,20240123,南方科技城-改變中的台灣設計力:品牌裡的文化創意力,魏裕珍,國立高雄科技大學副教授兼主任秘書,翟治平,國立高雄科技大學人文社會學院院長,
186,f4GsxUzb_Zs,20240125,南方科技城-改變中的台灣設計力: 廣告與工業設計,魏裕珍,國立高雄科技大學副教授兼主任秘書,吳文良,新北市廣告工程商業同業公會前理事長,
187,vfeEYx-cCno,20240125,南方科技城-改變中的台灣設計力－科技展演藝術之設計力,魏裕珍,國立高雄科技大學副教授兼主任秘書,馮建彰,FREES創辦人/科技展演藝術策展人,
188,IP1VPCTBgac,20240125,南方科技城-改變中的台灣設計力: 台灣設計產業,魏裕珍,國立高雄科技大學副教授兼主任秘書,林國慶,魔翻文創品牌創辦人,
189,FSbjoVbOCh0,20240125,南方科技城-改變中的台灣設計力: 城市設計,魏裕珍,國立高雄科技大學副教授兼主任秘書,沈妙姿,高雄港區土地開發公司董事長,
190,ch9q-j6yNzQ,20240125,南方科技城-後疫情時代的交通運輸：輪船文化,羅光閔,國立高雄科技大學副教授兼副產學長,黃淑美,高雄市輪船股份有限公司董事長,
191,92xTjZFFl4k,20240125,南方科技城-複合材料在風電產業的應用現況,羅光閔,國立高雄科技大學副教授兼副產學長,陳凱琳,先進華斯科技股份有限公司總經理,
192,nQL4tmeeloE,20240125,南方科技城-後疫情時代的交通運輸：航空運輸,羅光閔,國立高雄科技大學副教授兼副產學長,呂錦隆,國立高雄科技大學航運管理系教授,
193,XKUD61LvkpY,20240125,南方科技城-後疫情時代的交通運輸：港都交通的現況與趨勢,羅光閔,國立高雄科技大學副教授兼副產學長,劉建邦,高雄市交通局副局長,
194,ArZZdXMHEog,20240125,南方科技城-後疫情時代的防疫產業鏈：清潔用品產業,蔡匡忠,國立高雄科技大學教授,張志毓,台灣清潔用品工業同業公會榮譽理事長,
195,exDEkP8-C_s,20240125,南方科技城-後疫情時代的防疫產業鏈：疫苗生技,蔡匡忠,國立高雄科技大學教授,萬書彣,國立成功大學微生物及免疫研究所助理教授,
196,U65OTH1rmIE,20240125,南方科技城-後疫情時代的防疫產業鏈：醫療器材產業,蔡匡忠,國立高雄科技大學教授,尤俊宗,高雄市直轄市醫療器材商業同業公會理事長,
197,DJmWBex0WKQ,20240125,南方科技城-後疫情時代的防疫產業鏈：生技產業,羅光閔,國立高雄科技大學副教授兼副產學長,馬瑞彣,優尼克生技股份有限公司董事長,
198,kyjOFDpSfXg,20240125,南方科技城-後疫情時代的防疫產業鏈：不織布產業,羅光閔,國立高雄科技大學副教授兼副產學長,黃稚評,臺灣區不織布工業同業公會秘書長,
199,mgATYSDdMbo,20240125,南方科技城-準備打開世界之門-觀光產業的後疫情發展：國家景點,蔡匡忠,國立高雄科技大學教授兼學務長,林文和,墾丁國家公園管理處處長,
200,SnZmo4FmGyU,20240125,南方科技城-準備打開世界之門-觀光產業的後疫情發展：航空業,蔡匡忠,國立高雄科技大學教授兼學務長,白詠維,中華民國全國航空業總工會理事長,
201,RfQ9fC7gK2I,20240125,南方科技城-準備打開世界之門-觀光產業的後疫情發展：旅宿業,蔡匡忠,國立高雄科技大學教授兼學務長,周文彬,高雄市旅館商業同業公會理事長,
202,yXfAvLcH33o,20240125,南方科技城-準備打開世界之門-觀光產業的後疫情發展：旅遊業,蔡匡忠,國立高雄科技大學教授兼學務長,鄭侃馨,開馨旅遊品牌創辦人,
203,2yZjaTEKD1g,20240125,南方科技城-音樂產業的現在與未來（下）,蔡匡忠,國立高雄科技大學教授兼學務長,鄒佩菁,楠梓國小主任,
204,3B89a8B8yHU,20240125,南方科技城-音樂產業的現在與未來（上）,蔡匡忠,國立高雄科技大學教授兼學務長,李欣芸,高雄流行音樂中心執行長,
205,GQ4sTTe8rFE,20240125,南方科技城-食品科技（下）,羅光閔,國立高雄科技大學副教授兼副產學長,侯智耀,國立高雄科技大學水產食品科學系 副教授,
206,cPz3ckiAvy8,20240125,南方科技城-食品科技（上）,羅光閔,國立高雄科技大學副教授兼副產學長,蔡美玲,國立高雄科技大學水產食品科學系系主任,
207,peHHxz5GvfQ,20240125,南方科技城-美感plus-教育與產業影響（下）,魏裕珍,國立高雄科技大學副教授兼創新創業教育中心中心主任,林玫君,國立臺南大學藝術學院院長,
208,8XB0l2Jbqb8,20240125,南方科技城-美感plus-教育與產業影響（上）,魏裕珍,國立高雄科技大學副教授兼創新創業教育中心中心主任,林玫君,國立臺南大學藝術學院院長,
209,YU3gsmR-D_E,20240125,南方科技城-一起迎接foodtech時代-餐飲設備,魏裕珍,國立高雄科技大學副教授兼創新創業教育中心中心主任,江宗澤,芳成工業總經理,
210,v1lqmTMEDd0,20240125,南方科技城-一起迎接foodtech時代-餐飲業的數位轉型（下）,魏裕珍,國立高雄科技大學副教授兼創新創業教育中心中心主任,俞潔如,鼎新電腦股份有限公司金屬暨製造事業部經理,
211,3NXG3OypMZY,20240125,南方科技城-一起迎接foodtech時代-餐飲業的數位轉型（上）,魏裕珍,國立高雄科技大學副教授兼創新創業教育中心中心主任,吳志康,國立高雄科技大學觀光管理系系主任,
212,Arknfedl0SQ,20240125,南方科技城-後疫情時代健康新商機-自行車,羅光閔,國立高雄科技大學副教授兼副產學長,陳佳源,高雄市自行車商業同業公會總幹事,
213,-p8CqrEGd6Y,20240125,南方科技城-後疫情時代健康新商機-運動用品（下）,羅光閔,國立高雄科技大學副教授兼副產學長,康哲榮,明安國際企業股份有限公司運動休閒產品事業處營業部副理,
214,uc6xwKs_H38,20240125,南方科技城-後疫情時代健康新商機-運動用品（上）,羅光閔,國立高雄科技大學副教授兼副產學長,張志成,國立高雄大學運動健康與休閒學系系主任,
215,mDDEiFfEqfQ,20240125,南方科技城-數位轉型時代—遊戲產業,魏裕珍,國立高雄科技大學副教授兼創新創業教育中心 中心主任,許冠文,愛吠的狗娛樂股份有限公司執行長,
216,eHvdeBSUS-k,20240122,南方科技城-數位轉型時代—沉浸式體驗,魏裕珍,國立高雄科技大學副教授兼創新創業教育中心 中心主任,彭彥倫,智崴資訊董事長特助暨營運中心總監,
217,TGS79pXExac,20240125,南方科技城-數位轉型時代-科技藝術,魏裕珍,國立高雄科技大學副教授兼創新創業教育中心 中心主任,李志清,Taiwan Drone 100 臺灣希望創新股份有限公司創辦人暨執行長,
218,Pl7cJpyYjKQ,20240122,南方科技城-疫情下的美麗商機（下）-美妝,魏裕珍,國立高雄科技大學副教授兼創新創業教育中心 中心主任,郭建男,好玩客國際有限公司執行長,
219,69K3zlVE3qw,20240125,南方科技城-疫情下的美麗商機（上）-護膚,魏裕珍,國立高雄科技大學副教授兼創新創業教育中心 中心主任,林相達,社團法人台灣連鎖加盟促進協會高雄分會會長/龍達化妝品公司總經理,
220,nOMHMTE4BtI,20240125,南方科技城-醫療產業新趨勢—生殖醫學,蔡匡忠,國立高雄科技大學教授兼學務長,陳昱蓁,高雄榮總生殖醫學中心醫師,
221,HuAn1Y2X740,20240122,南方科技城-醫療產業新趨勢—口腔護理,蔡匡忠,國立高雄科技大學教授兼學務長,陳吉龍,社團法人高雄市牙醫師公會常務理事,
222,czkMzDormi8,,南方科技城-醫療產業新趨勢—醫美,,,,,[NO_DESC]
223,m_T88uX8ydA,20240122,南方科技城-智慧觀光串遊go好玩,蔡匡忠,國立高雄科技大學教授兼學務長,趙志崑,高雄市政府觀光局觀光行銷科股長,
224,7sCqyeHKdeY,20240122,南方科技城-2022產業新趨勢-實現碳中和從地方做起,蔡匡忠,國立高雄科技大學教授兼學務長,徐造華,台灣電力公司副總經理,
225,-VxqbusBLpE,20240122,南方科技城-2022產業新趨勢-高雄亞灣5G AIoT生態系,蔡匡忠,國立高雄科技大學教授兼學務長,魏嘉宏,亞灣5G AIoT專案辦公室資深副主任,
226,8TBol1WpT28,20240122,南方科技城-2022產業新趨勢-元宇宙的無限新想像,蔡匡忠,國立高雄科技大學教授兼學務長,字維新,光禹國際數位娛樂開發股份有限公司董事長,
227,UcGo5cLz860,20240122,南方科技城-2021南方科技產業大回顧,蔡匡忠,國立高雄科技大學教授兼學務長,,,REVIEW
228,8OgjO0c1p0U,20240122,南方科技城-聖誕老人的智慧雪橇-物流產業新升級,羅光閔,國立高雄科技大學副教授兼副產學長,蕭俊彥,國立高雄科技大學運籌管理系副教授,
229,Hgpl_CaqnHQ,20240122,南方科技城-資訊安全-高科技產業最痛的領悟,羅光閔,國立高雄科技大學教授,林炫佑,財團法人電信技術中心副執行長,
230,r3quA8zsz4g,20240122,南方科技城-「健康新經濟」－運動產業的現在與未來,羅光閔,國立高雄科技大學教授,林洵賢,柏文健康事業股份有限公司事業發展處副總經理,
231,AedXhKmnHBM,20240122,南方科技城-循環經濟主題月：綠色創新應用的新創天地,魏裕珍,國立高雄科技大學教授,張耿榕,榮福股份有限公司總經理,
232,fgxVWGr7XYc,20240122,南方科技城-循環經濟主題月：在地企業的循環經濟之路,魏裕珍,國立高雄科技大學教授,馬堅勇,光洋應用材料科技股份有限公司董事長,
233,w9jsBqQqHh8,20240122,南方科技城-循環經濟主題月：大企業的永續循環責任,魏裕珍,國立高雄科技大學教授,朱福政,技嘉科技股份有限公司永續發展辦公室/行政部資深處長,
234,AX_naQJIYA0,20240122,南方科技城-循環經濟主題月：什麼是循環經濟,魏裕珍,國立高雄科技大學教授,賴樹鑫,社團法人台灣永續供應協會理事長,
235,UxwiAER0k20,20240122,南方科技城-特別專題：青年力量X永續發展,魏裕珍,國立高雄科技大學副教授兼創新創業中心主任,李慶璿,高雄市青年局創業輔導科科長,
236,f5mLI5OOPRM,20240116,南方科技城-2050碳中和挑戰-高雄產業的永續行動,蔡匡忠,國立高雄科技大學教授兼學務長,黃世宏,高雄市環保局副局長,
237,MNYCKMcnwy0,,南方科技城-美食界的魔術師-食品加工產業,,,,,[NO_DESC]
238,JGDOF-OVRUw,20240122,南方科技城-打造港都好建築,蔡匡忠,國立高雄科技大學教授兼學務長,吳瑞川,高雄市工務局副局長,
239,irBdMCs6qto,20240122,南方科技城-森林產業的永續之路,蔡匡忠,國立高雄科技大學教授兼學務長,朱木生,行政院農業委員會林務局屏東林區管理處副處長,
240,i1-3boDKEMc,20240122,南方科技城-AI主題月：AI法律及醫療領域創新應用,魏裕珍,國立高雄科技大學教授兼任創創中心主任,莊劍偉,Rainmaking盛宇創新執行長,
241,aN3I8YBSPLs,20240122,南方科技城-AI主題月：消費領域的AI產業新想像,蔡匡忠,國立高雄科技大學教授兼學務長,周至宏,人工智慧產學研聯盟共同召集人/國立高雄科技大學電機工程系講座教授,
242,wyVnW5d2b70,20240122,南方科技城-AI主題月：認識人工智能,羅光閔,國立高雄科技大學副教授兼副產學長,劉淑芬,高雄市數位產業發展協會理事長,
243,m7bY4RtjeEU,20240122,南方科技城-後疫情時代的智慧觀光,羅光閔,國立高雄科技大學副教授兼副產學長,李信達,高雄市觀光局行銷科科長,
244,UG2MGsgTBVU,20240122,南方科技城-養魚也可以很聰明,羅光閔,國立高雄科技大學副教授兼副產學長,林國平,行政院農委會漁業署 副署長,
245,dpfhMkNE1Zw,20240122,南方科技城-二十一世紀的你不可以不知道複合材料,羅光閔,國立高雄科技大學副教授兼副產學長,陳凱琳,先進複材股份有限公司總經理,
246,vX7sY2oEX7I,20240122,南方科技城-南台灣的永續綠能-太陽能產業,蔡匡忠,國立高雄科技大學教授兼學務長,艾和昌,教育部南部太陽能學校執行長,
247,g7V6SaAe31w,20240122,南方科技城-不讓火神掉眼淚—消防產業特輯,蔡匡忠,國立高雄科技大學教授兼學務長,吳佩城,高雄市政府火災預防科 科長,
248,A5EOZtQ2elI,20240122,南方科技城-風電主題系列 3：離岸風電機座的安裝與運維,羅光閔,國立高雄科技大學副教授兼副產學長,林世豪,達德能源股份有限公司技術總監,
249,3SR9k6EQHuY,20240122,南方科技城-風電主題系列2：風力發電產業供應鏈,羅光閔,國立高雄科技大學副教授兼副產學長,陳凱琳,先進華斯複材科技股份有限公司總經理,
250,JwQLZdz4iLU,20240122,南方科技城-風電主題系列1：高雄–下一個風電產業人才重鎮,羅光閔,國立高雄科技大學副教授兼副產學長,林秋豐,金屬工業研究發展中心執行長,
251,5L_teloEIYw,20240122,南方科技城-金屬扣件產業高值轉型新契機,蔡匡忠,國立高雄科技大學教授兼學務長,林崇田,金屬工業研究發展中心精微成形研發處處長,
252,St1iRNpIfbg,20240122,南方科技城-你/妳不知道的遊艇產業,蔡匡忠,國立高雄科技大學教授兼學務長,羅光閔,國立高雄科技大學造船及海洋工程系副教授,
253,wJQVM15_pow,20240122,南方科技城-高雄區塊鏈產業應用新商機,魏裕珍,國立高雄科技大學教授,許孟祥,國立高雄科技大學資訊管理系特聘教授,
254,cXeKYy5dt74,20240122,南方科技城-Fintech金融科技的新想像,魏裕珍,國立高雄科技大學教授,董瑞斌,高雄銀行董事長,
255,Qz461Xgtz9w,20240122,南方科技城-3月特別專題-高雄智慧城市新亮點,蔡匡忠,國立高雄科技大學教授,劉俊傑,高雄市政府資訊中心主任,
256,3RfII9hx-II,20240122,南方科技城-5G系列4-5G創業新思維,魏裕珍,國立高雄科技大學教授,鄭宗宜,汎思數據股份有限公司監察人暨共同創辦人,
257,1E1Do1h2yZQ,20240122,南方科技城-5G系列3-5G智慧新生活,魏裕珍,國立高雄科技大學教授,王超群,台北市電腦公會-台灣5G垂直應用聯盟會長,
258,OjQO-4eEmoQ,20240122,南方科技城-5G系列2-5G產業新進化,魏裕珍,國立高雄科技大學教授,高鎮遠,高雄市經發局副局長,
259,XNyBMxyssA0,20240122,南方科技城-5G系列1-認識5G,魏裕珍,國立高雄科技大學教授,蕭祈宏,國家通訊傳播委員會,
260,rUZ051FYFG0,20240122,南方科技城-智慧港灣 串聯國際,蔡匡忠,國立高雄科技大學教授兼學務長,張國明,高雄港務分公司總經理,
261,oXuRdtTI3dM,20240122,南方科技城-高雄前瞻科技聚落,蔡匡忠,國立高雄科技大學教授兼學務長,劉繼傳,經濟部加工出口區管理處副處長,
262,8zM0AEgDo44,20240122,南方科技城-新農業的永續發展,蔡匡忠,國立高雄科技大學教授兼學務長,王正一,高雄市農業局代理局長,
263,notAhoeQm98,20240122,南方科技城-南台灣漁業轉型發展新契機,蔡匡忠,國立高雄科技大學教授兼學務長,黃登福,高雄市政府海洋局局長,
264,187IcommAHk,20240122,南方科技城-高雄石化產業重鎮,蔡匡忠,國立高雄科技大學教授兼學務長,,,REVIEW
265,_4NXaRKYx_A,20240122,南方科技城-引領高雄發展之台灣十大建設-中鋼、台船,蔡匡忠,國立高雄科技大學教授兼學務長,,,REVIEW
266,MqhISEmhTyM,20240122,南方科技城-暢談高雄產業新風貌,蔡匡忠,國立高雄科技大學教授兼學務長,羅達生,高雄市副市長,
267,0EnwqmhAsIA,,[Private video],,,,,[NO_DESC]
268,YbCWUTLzbqE,,[Private video],,,,,[NO_DESC]
269,btbW-UHD8Y8,,[Private video],,,,,[NO_DESC]
270,VeUgK_wDPys,,[Private video],,,,,[NO_DESC]
